✅ Daily commit: Wed Apr  9 13:22:42 UTC 2025
✅ Daily commit: Wed Apr  9 13:22:55 UTC 2025
✅ Daily commit: Wed Apr  9 13:23:07 UTC 2025
✅ Daily commit: Thu Apr 10 04:28:20 UTC 2025
✅ Daily commit: Thu Apr 10 17:05:36 UTC 2025
✅ Daily commit: Thu Apr 10 17:05:47 UTC 2025
✅ Daily commit: Fri Apr 11 04:29:11 UTC 2025
✅ Daily commit: Sat Apr 12 04:27:58 UTC 2025
✅ Daily commit: Sun Apr 13 04:51:20 UTC 2025
✅ Daily commit: Mon Apr 14 04:28:59 UTC 2025
✅ Daily commit: Tue Apr 15 04:28:58 UTC 2025
✅ Daily commit: Wed Apr 16 04:28:48 UTC 2025
✅ Daily commit: Thu Apr 17 04:29:09 UTC 2025
✅ Daily commit: Fri Apr 18 04:28:24 UTC 2025
✅ Daily commit: Sat Apr 19 04:27:58 UTC 2025
✅ Daily commit: Sun Apr 20 04:27:20 UTC 2025
✅ Daily commit: Mon Apr 21 04:29:15 UTC 2025
✅ Daily commit: Tue Apr 22 04:28:57 UTC 2025
✅ Daily commit: Wed Apr 23 04:29:15 UTC 2025
✅ Daily commit: Thu Apr 24 04:28:54 UTC 2025
✅ Daily commit: Fri Apr 25 04:28:56 UTC 2025
✅ Daily commit: Sat Apr 26 04:27:52 UTC 2025
✅ Daily commit: Sun Apr 27 04:27:55 UTC 2025
✅ Daily commit: Mon Apr 28 04:30:30 UTC 2025
✅ Daily commit: Tue Apr 29 04:28:16 UTC 2025
✅ Daily commit: Wed Apr 30 04:28:58 UTC 2025
✅ Daily commit: Thu May  1 04:30:46 UTC 2025
✅ Daily commit: Fri May  2 04:29:05 UTC 2025
✅ Daily commit: Sat May  3 04:28:23 UTC 2025
✅ Daily commit: Sun May  4 04:29:19 UTC 2025
✅ Daily commit: Mon May  5 04:30:23 UTC 2025
✅ Daily commit: Tue May  6 04:29:43 UTC 2025
✅ Daily commit: Wed May  7 04:29:42 UTC 2025
✅ Daily commit: Thu May  8 04:30:55 UTC 2025
✅ Daily commit: Fri May  9 04:30:12 UTC 2025
✅ Daily commit: Sat May 10 04:29:18 UTC 2025
✅ Daily commit: Sun May 11 04:29:45 UTC 2025
✅ Daily commit: Mon May 12 04:30:45 UTC 2025
✅ Daily commit: Tue May 13 04:30:44 UTC 2025
✅ Daily commit: Wed May 14 04:30:24 UTC 2025
✅ Daily commit: Thu May 15 04:30:21 UTC 2025
✅ Daily commit: Fri May 16 04:30:50 UTC 2025
✅ Daily commit: Sat May 17 04:28:57 UTC 2025
✅ Daily commit: Sun May 18 04:32:32 UTC 2025
✅ Daily commit: Mon May 19 04:33:32 UTC 2025
✅ Daily commit: Tue May 20 04:30:25 UTC 2025
✅ Daily commit: Wed May 21 04:30:46 UTC 2025
✅ Daily commit: Thu May 22 04:31:40 UTC 2025
✅ Daily commit: Fri May 23 04:30:09 UTC 2025
✅ Daily commit: Sat May 24 04:28:54 UTC 2025
✅ Daily commit: Sun May 25 04:31:46 UTC 2025
✅ Daily commit: Mon May 26 04:32:11 UTC 2025
✅ Daily commit: Tue May 27 04:32:05 UTC 2025
✅ Daily commit: Wed May 28 04:31:34 UTC 2025
✅ Daily commit: Thu May 29 04:32:11 UTC 2025
✅ Daily commit: Fri May 30 04:31:49 UTC 2025
✅ Daily commit: Sat May 31 04:29:53 UTC 2025
✅ Daily commit: Sun Jun  1 04:39:19 UTC 2025
✅ Daily commit: Mon Jun  2 04:35:36 UTC 2025
✅ Daily commit: Tue Jun  3 04:32:40 UTC 2025
✅ Daily commit: Wed Jun  4 04:33:09 UTC 2025
✅ Daily commit: Thu Jun  5 04:33:30 UTC 2025
✅ Daily commit: Fri Jun  6 04:32:57 UTC 2025
✅ Daily commit: Sat Jun  7 04:30:13 UTC 2025
✅ Daily commit: Sun Jun  8 04:35:30 UTC 2025
✅ Daily commit: Mon Jun  9 04:37:31 UTC 2025
✅ Daily commit: Tue Jun 10 04:34:04 UTC 2025
✅ Daily commit: Wed Jun 11 04:34:30 UTC 2025
✅ Daily commit: Thu Jun 12 04:32:49 UTC 2025
✅ Daily commit: Fri Jun 13 04:33:32 UTC 2025
✅ Daily commit: Sat Jun 14 04:30:21 UTC 2025
✅ Daily commit: Sun Jun 15 04:35:50 UTC 2025
✅ Daily commit: Mon Jun 16 04:37:15 UTC 2025
✅ Daily commit: Tue Jun 17 04:34:03 UTC 2025
✅ Daily commit: Wed Jun 18 04:34:20 UTC 2025
✅ Daily commit: Thu Jun 19 04:33:56 UTC 2025
✅ Daily commit: Fri Jun 20 04:33:25 UTC 2025
✅ Daily commit: Sat Jun 21 04:30:46 UTC 2025
✅ Daily commit: Sun Jun 22 04:36:03 UTC 2025
✅ Daily commit: Mon Jun 23 04:38:41 UTC 2025
✅ Daily commit: Tue Jun 24 04:35:12 UTC 2025
✅ Daily commit: Wed Jun 25 04:35:40 UTC 2025
✅ Daily commit: Thu Jun 26 04:35:32 UTC 2025
✅ Daily commit: Fri Jun 27 04:34:41 UTC 2025
✅ Daily commit: Sat Jun 28 04:32:09 UTC 2025
✅ Daily commit: Sun Jun 29 04:39:50 UTC 2025
✅ Daily commit: Mon Jun 30 04:38:22 UTC 2025
✅ Daily commit: Tue Jul  1 04:41:35 UTC 2025
✅ Daily commit: Wed Jul  2 04:35:32 UTC 2025
✅ Daily commit: Thu Jul  3 04:37:49 UTC 2025
✅ Daily commit: Fri Jul  4 04:35:27 UTC 2025
✅ Daily commit: Sat Jul  5 04:32:35 UTC 2025
✅ Daily commit: Sun Jul  6 04:37:28 UTC 2025
✅ Daily commit: Mon Jul  7 04:38:51 UTC 2025
✅ Daily commit: Tue Jul  8 04:35:43 UTC 2025
✅ Daily commit: Wed Jul  9 04:39:16 UTC 2025
✅ Daily commit: Thu Jul 10 04:37:31 UTC 2025
✅ Daily commit: Fri Jul 11 04:41:13 UTC 2025
✅ Daily commit: Sat Jul 12 04:36:40 UTC 2025
✅ Daily commit: Sun Jul 13 04:41:15 UTC 2025
✅ Daily commit: Mon Jul 14 04:47:38 UTC 2025
✅ Daily commit: Tue Jul 15 04:43:22 UTC 2025
✅ Daily commit: Wed Jul 16 04:42:37 UTC 2025
✅ Daily commit: Thu Jul 17 04:41:56 UTC 2025
✅ Daily commit: Fri Jul 18 04:45:25 UTC 2025
✅ Daily commit: Sat Jul 19 04:36:47 UTC 2025
✅ Daily commit: Sun Jul 20 04:47:47 UTC 2025
✅ Daily commit: Mon Jul 21 04:49:27 UTC 2025
✅ Daily commit: Tue Jul 22 04:43:41 UTC 2025
✅ Daily commit: Wed Jul 23 04:47:16 UTC 2025
✅ Daily commit: Thu Jul 24 04:44:54 UTC 2025
✅ Daily commit: Fri Jul 25 04:44:30 UTC 2025
✅ Daily commit: Sat Jul 26 04:40:42 UTC 2025
✅ Daily commit: Sun Jul 27 04:49:16 UTC 2025
✅ Daily commit: Mon Jul 28 04:51:49 UTC 2025
✅ Daily commit: Tue Jul 29 04:51:54 UTC 2025
✅ Daily commit: Wed Jul 30 04:50:23 UTC 2025
✅ Daily commit: Thu Jul 31 04:48:43 UTC 2025
✅ Daily commit: Fri Aug  1 04:56:58 UTC 2025
✅ Daily commit: Sat Aug  2 04:39:28 UTC 2025
✅ Daily commit: Sun Aug  3 04:52:40 UTC 2025
✅ Daily commit: Mon Aug  4 05:00:53 UTC 2025
✅ Daily commit: Tue Aug  5 04:53:23 UTC 2025
✅ Daily commit: Wed Aug  6 04:51:48 UTC 2025
✅ Daily commit: Thu Aug  7 04:51:37 UTC 2025
✅ Daily commit: Fri Aug  8 04:51:33 UTC 2025
✅ Daily commit: Sat Aug  9 04:35:02 UTC 2025
✅ Daily commit: Sun Aug 10 04:46:15 UTC 2025
✅ Daily commit: Mon Aug 11 04:50:38 UTC 2025
✅ Daily commit: Tue Aug 12 04:34:13 UTC 2025
✅ Daily commit: Wed Aug 13 04:35:49 UTC 2025
✅ Daily commit: Thu Aug 14 04:35:51 UTC 2025
✅ Daily commit: Fri Aug 15 04:36:34 UTC 2025
✅ Daily commit: Sat Aug 16 04:31:56 UTC 2025
✅ Daily commit: Sun Aug 17 04:37:27 UTC 2025
✅ Daily commit: Mon Aug 18 04:43:23 UTC 2025
✅ Daily commit: Tue Aug 19 04:30:06 UTC 2025
✅ Daily commit: Wed Aug 20 04:30:48 UTC 2025
✅ Daily commit: Thu Aug 21 04:30:10 UTC 2025
✅ Daily commit: Fri Aug 22 04:29:21 UTC 2025
✅ Daily commit: Sat Aug 23 04:28:28 UTC 2025
✅ Daily commit: Sun Aug 24 04:31:43 UTC 2025
✅ Daily commit: Mon Aug 25 04:33:03 UTC 2025
✅ Daily commit: Tue Aug 26 04:30:08 UTC 2025
✅ Daily commit: Wed Aug 27 04:29:19 UTC 2025
✅ Daily commit: Thu Aug 28 04:28:54 UTC 2025
✅ Daily commit: Fri Aug 29 04:29:11 UTC 2025
✅ Daily commit: Sat Aug 30 04:27:15 UTC 2025
✅ Daily commit: Sun Aug 31 04:27:47 UTC 2025
✅ Daily commit: Mon Sep  1 04:34:07 UTC 2025
✅ Daily commit: Tue Sep  2 04:29:48 UTC 2025
✅ Daily commit: Wed Oct 22 06:27:57 UTC 2025
✅ Daily commit: Thu Oct 23 04:29:01 UTC 2025
✅ Daily commit: Fri Oct 24 04:29:21 UTC 2025
✅ Daily commit: Sat Oct 25 04:27:51 UTC 2025
✅ Daily commit: Sun Oct 26 04:27:59 UTC 2025
✅ Daily commit: Mon Oct 27 04:35:01 UTC 2025
✅ Daily commit: Tue Oct 28 04:29:22 UTC 2025
✅ Daily commit: Wed Oct 29 04:32:21 UTC 2025
✅ Daily commit: Thu Oct 30 04:30:02 UTC 2025
✅ Daily commit: Fri Oct 31 04:30:55 UTC 2025
✅ Daily commit: Sat Nov  1 04:27:19 UTC 2025
✅ Daily commit: Sun Nov  2 04:28:56 UTC 2025
✅ Daily commit: Mon Nov  3 04:34:14 UTC 2025
✅ Daily commit: Tue Nov  4 04:29:49 UTC 2025
✅ Daily commit: Wed Nov  5 04:30:03 UTC 2025
✅ Daily commit: Thu Nov  6 04:32:38 UTC 2025
✅ Daily commit: Fri Nov  7 04:29:23 UTC 2025
✅ Daily commit: Sat Nov  8 04:28:54 UTC 2025
✅ Daily commit: Sun Nov  9 04:28:37 UTC 2025
✅ Daily commit: Mon Nov 10 04:33:07 UTC 2025
✅ Daily commit: Tue Nov 11 04:31:28 UTC 2025
✅ Daily commit: Wed Nov 12 04:31:26 UTC 2025
✅ Daily commit: Thu Nov 13 04:31:38 UTC 2025
✅ Daily commit: Fri Nov 14 04:30:45 UTC 2025
✅ Daily commit: Sat Nov 15 04:29:02 UTC 2025
✅ Daily commit: Sun Nov 16 04:31:20 UTC 2025
✅ Daily commit: Mon Nov 17 04:32:47 UTC 2025
✅ Daily commit: Tue Nov 18 04:31:13 UTC 2025
✅ Daily commit: Wed Nov 19 04:31:14 UTC 2025
✅ Daily commit: Thu Nov 20 04:29:51 UTC 2025
✅ Daily commit: Fri Nov 21 04:30:52 UTC 2025
✅ Daily commit: Sat Nov 22 04:28:42 UTC 2025
✅ Daily commit: Sun Nov 23 04:36:34 UTC 2025
✅ Daily commit: Mon Nov 24 04:38:06 UTC 2025
✅ Daily commit: Tue Nov 25 04:32:15 UTC 2025
✅ Daily commit: Wed Nov 26 04:32:35 UTC 2025
✅ Daily commit: Thu Nov 27 04:32:34 UTC 2025
✅ Daily commit: Fri Nov 28 04:31:59 UTC 2025
✅ Daily commit: Sat Nov 29 04:30:40 UTC 2025
✅ Daily commit: Sun Nov 30 04:37:41 UTC 2025
✅ Daily commit: Mon Dec  1 04:53:35 UTC 2025
✅ Daily commit: Tue Dec  2 04:36:16 UTC 2025
✅ Daily commit: Wed Dec  3 04:34:48 UTC 2025
✅ Daily commit: Thu Dec  4 04:36:06 UTC 2025
✅ Daily commit: Fri Dec  5 04:35:32 UTC 2025
✅ Daily commit: Sat Dec  6 04:29:50 UTC 2025
✅ Daily commit: Sun Dec  7 04:36:21 UTC 2025
✅ Daily commit: Mon Dec  8 04:38:14 UTC 2025
✅ Daily commit: Tue Dec  9 04:34:58 UTC 2025
✅ Daily commit: Wed Dec 10 04:38:01 UTC 2025
✅ Daily commit: Thu Dec 11 04:39:33 UTC 2025
✅ Daily commit: Fri Dec 12 04:38:05 UTC 2025
✅ Daily commit: Sat Dec 13 04:32:56 UTC 2025
✅ Daily commit: Sun Dec 14 04:40:11 UTC 2025
✅ Daily commit: Mon Dec 15 04:47:17 UTC 2025
✅ Daily commit: Tue Dec 16 04:39:52 UTC 2025
✅ Daily commit: Wed Dec 17 04:37:52 UTC 2025
✅ Daily commit: Thu Dec 18 04:38:55 UTC 2025
✅ Daily commit: Fri Dec 19 04:38:53 UTC 2025
✅ Daily commit: Sat Dec 20 04:32:59 UTC 2025
✅ Daily commit: Sun Dec 21 04:40:46 UTC 2025
✅ Daily commit: Mon Dec 22 04:46:21 UTC 2025
✅ Daily commit: Tue Dec 23 04:42:03 UTC 2025
✅ Daily commit: Wed Dec 24 04:40:28 UTC 2025
✅ Daily commit: Thu Dec 25 04:41:45 UTC 2025
✅ Daily commit: Fri Dec 26 04:38:59 UTC 2025
✅ Daily commit: Sat Dec 27 04:37:24 UTC 2025
✅ Daily commit: Sun Dec 28 04:49:21 UTC 2025
✅ Daily commit: Mon Dec 29 04:53:53 UTC 2025
✅ Daily commit: Tue Dec 30 04:44:39 UTC 2025
